596_18329_o_1,1
596_18329_h_1,1
596_18329_v_1,1
596_18329_hv_1,1
596_18229_o_1,1
596_18229_h_1,1
596_18229_v_1,1
596_18229_hv_1,1
596_18249_o_1,1
596_18249_h_1,1
596_18249_v_1,1
596_18249_hv_1,1
596_18409_o_1,1
596_18409_h_1,1
596_18409_v_1,1
596_18409_hv_1,1
596_18309_o_1,1
596_18309_h_1,1
596_18309_v_1,1
596_18309_hv_1,1
596_18319_o_1,1
596_18319_h_1,1
596_18319_v_1,1
596_18319_hv_1,1
596_18526_o_1,1
596_18526_h_1,1
596_18526_v_1,1
596_18526_hv_1,1
596_18576_o_1,1
596_18576_h_1,1
596_18576_v_1,1
596_18576_hv_1,1
596_18556_o_1,1
596_18556_h_1,1
596_18556_v_1,1
596_18556_hv_1,1
596_18536_o_1,1
596_18536_h_1,1
596_18536_v_1,1
596_18536_hv_1,1
596_18516_o_1,1
596_18516_h_1,1
596_18516_v_1,1
596_18516_hv_1,1
596_18556_o_1,1
596_18556_h_1,1
596_18556_v_1,1
596_18556_hv_1,1
596_19103_o_1,1
596_19103_h_1,1
596_19103_v_1,1
596_19103_hv_1,1
596_19173_o_1,1
596_19173_h_1,1
596_19173_v_1,1
596_19173_hv_1,1
596_19073_o_1,1
596_19073_h_1,1
596_19073_v_1,1
596_19073_hv_1,1
596_19143_o_1,1
596_19143_h_1,1
596_19143_v_1,1
596_19143_hv_1,1
596_19163_o_1,1
596_19163_h_1,1
596_19163_v_1,1
596_19163_hv_1,1
596_19043_o_1,1
596_19043_h_1,1
596_19043_v_1,1
596_19043_hv_1,1
596_20000_o_1,1
596_20000_h_1,1
596_20000_v_1,1
596_20000_hv_1,1
596_20050_o_1,1
596_20050_h_1,1
596_20050_v_1,1
596_20050_hv_1,1
596_20010_o_1,1
596_20010_h_1,1
596_20010_v_1,1
596_20010_hv_1,1
596_19940_o_1,1
596_19940_h_1,1
596_19940_v_1,1
596_19940_hv_1,1
596_20070_o_1,1
596_20070_h_1,1
596_20070_v_1,1
596_20070_hv_1,1
596_20090_o_1,1
596_20090_h_1,1
596_20090_v_1,1
596_20090_hv_1,1
596_9308_o_0,0
596_9308_h_0,0
596_9308_v_0,0
596_9308_hv_0,0
596_27858_o_0,0
596_27858_h_0,0
596_27858_v_0,0
596_27858_hv_0,0
596_29518_o_0,0
596_29518_h_0,0
596_29518_v_0,0
596_29518_hv_0,0
596_25775_o_0,0
596_25775_h_0,0
596_25775_v_0,0
596_25775_hv_0,0
596_27630_o_0,0
596_27630_h_0,0
596_27630_v_0,0
596_27630_hv_0,0
596_1725_o_0,0
596_1725_h_0,0
596_1725_v_0,0
596_1725_hv_0,0
596_8266_o_0,0
596_8266_h_0,0
596_8266_v_0,0
596_8266_hv_0,0
596_11716_o_0,0
596_11716_h_0,0
596_11716_v_0,0
596_11716_hv_0,0
596_3287_o_0,0
596_3287_h_0,0
596_3287_v_0,0
596_3287_hv_0,0
596_1855_o_0,0
596_1855_h_0,0
596_1855_v_0,0
596_1855_hv_0,0
596_22293_o_0,0
596_22293_h_0,0
596_22293_v_0,0
596_22293_hv_0,0
596_8754_o_0,0
596_8754_h_0,0
596_8754_v_0,0
596_8754_hv_0,0
596_26263_o_0,0
596_26263_h_0,0
596_26263_v_0,0
596_26263_hv_0,0
596_13018_o_0,0
596_13018_h_0,0
596_13018_v_0,0
596_13018_hv_0,0
596_29192_o_0,0
596_29192_h_0,0
596_29192_v_0,0
596_29192_hv_0,0
596_13246_o_0,0
596_13246_h_0,0
596_13246_v_0,0
596_13246_hv_0,0
596_7225_o_0,0
596_7225_h_0,0
596_7225_v_0,0
596_7225_hv_0,0
596_16402_o_0,0
596_16402_h_0,0
596_16402_v_0,0
596_16402_hv_0,0
596_24896_o_0,0
596_24896_h_0,0
596_24896_v_0,0
596_24896_hv_0,0
596_27565_o_0,0
596_27565_h_0,0
596_27565_v_0,0
596_27565_hv_0,0
596_13213_o_0,0
596_13213_h_0,0
596_13213_v_0,0
596_13213_hv_0,0
596_7355_o_0,0
596_7355_h_0,0
596_7355_v_0,0
596_7355_hv_0,0
596_21740_o_0,0
596_21740_h_0,0
596_21740_v_0,0
596_21740_hv_0,0
596_21707_o_0,0
596_21707_h_0,0
596_21707_v_0,0
596_21707_hv_0,0
368_22399_o_1,1
368_22399_h_1,1
368_22399_v_1,1
368_22399_hv_1,1
368_22469_o_1,1
368_22469_h_1,1
368_22469_v_1,1
368_22469_hv_1,1
368_22439_o_1,1
368_22439_h_1,1
368_22439_v_1,1
368_22439_hv_1,1
368_22299_o_1,1
368_22299_h_1,1
368_22299_v_1,1
368_22299_hv_1,1
368_22359_o_1,1
368_22359_h_1,1
368_22359_v_1,1
368_22359_hv_1,1
368_22409_o_1,1
368_22409_h_1,1
368_22409_v_1,1
368_22409_hv_1,1
368_22880_o_1,1
368_22880_h_1,1
368_22880_v_1,1
368_22880_hv_1,1
368_22890_o_1,1
368_22890_h_1,1
368_22890_v_1,1
368_22890_hv_1,1
368_22880_o_1,1
368_22880_h_1,1
368_22880_v_1,1
368_22880_hv_1,1
368_22830_o_1,1
368_22830_h_1,1
368_22830_v_1,1
368_22830_hv_1,1
368_22960_o_1,1
368_22960_h_1,1
368_22960_v_1,1
368_22960_hv_1,1
368_22920_o_1,1
368_22920_h_1,1
368_22920_v_1,1
368_22920_hv_1,1
368_16120_o_0,0
368_16120_h_0,0
368_16120_v_0,0
368_16120_hv_0,0
368_15864_o_0,0
368_15864_h_0,0
368_15864_v_0,0
368_15864_hv_0,0
368_19254_o_0,0
368_19254_h_0,0
368_19254_v_0,0
368_19254_hv_0,0
368_9083_o_0,0
368_9083_h_0,0
368_9083_v_0,0
368_9083_hv_0,0
368_9851_o_0,0
368_9851_h_0,0
368_9851_v_0,0
368_9851_hv_0,0
368_10938_o_0,0
368_10938_h_0,0
368_10938_v_0,0
368_10938_hv_0,0
368_27825_o_0,0
368_27825_h_0,0
368_27825_v_0,0
368_27825_hv_0,0
368_15480_o_0,0
368_15480_h_0,0
368_15480_v_0,0
368_15480_hv_0,0
368_9787_o_0,0
368_9787_h_0,0
368_9787_v_0,0
368_9787_hv_0,0
368_12729_o_0,0
368_12729_h_0,0
368_12729_v_0,0
368_12729_hv_0,0
368_2303_o_0,0
368_2303_h_0,0
368_2303_v_0,0
368_2303_hv_0,0
368_12665_o_0,0
368_12665_h_0,0
368_12665_v_0,0
368_12665_hv_0,0
551_15963_o_1,1
551_15963_h_1,1
551_15963_v_1,1
551_15963_hv_1,1
551_15963_o_1,1
551_15963_h_1,1
551_15963_v_1,1
551_15963_hv_1,1
551_15983_o_1,1
551_15983_h_1,1
551_15983_v_1,1
551_15983_hv_1,1
551_15893_o_1,1
551_15893_h_1,1
551_15893_v_1,1
551_15893_hv_1,1
551_15943_o_1,1
551_15943_h_1,1
551_15943_v_1,1
551_15943_hv_1,1
551_16033_o_1,1
551_16033_h_1,1
551_16033_v_1,1
551_16033_hv_1,1
551_18514_o_1,1
551_18514_h_1,1
551_18514_v_1,1
551_18514_hv_1,1
551_18424_o_1,1
551_18424_h_1,1
551_18424_v_1,1
551_18424_hv_1,1
551_18564_o_1,1
551_18564_h_1,1
551_18564_v_1,1
551_18564_hv_1,1
551_18434_o_1,1
551_18434_h_1,1
551_18434_v_1,1
551_18434_hv_1,1
551_18594_o_1,1
551_18594_h_1,1
551_18594_v_1,1
551_18594_hv_1,1
551_18484_o_1,1
551_18484_h_1,1
551_18484_v_1,1
551_18484_hv_1,1
551_18742_o_1,1
551_18742_h_1,1
551_18742_v_1,1
551_18742_hv_1,1
551_18812_o_1,1
551_18812_h_1,1
551_18812_v_1,1
551_18812_hv_1,1
551_18682_o_1,1
551_18682_h_1,1
551_18682_v_1,1
551_18682_hv_1,1
551_18712_o_1,1
551_18712_h_1,1
551_18712_v_1,1
551_18712_hv_1,1
551_18752_o_1,1
551_18752_h_1,1
551_18752_v_1,1
551_18752_hv_1,1
551_18662_o_1,1
551_18662_h_1,1
551_18662_v_1,1
551_18662_hv_1,1
551_12779_o_0,0
551_12779_h_0,0
551_12779_v_0,0
551_12779_hv_0,0
551_9189_o_0,0
551_9189_h_0,0
551_9189_v_0,0
551_9189_hv_0,0
551_21370_o_0,0
551_21370_h_0,0
551_21370_v_0,0
551_21370_hv_0,0
551_25729_o_0,0
551_25729_h_0,0
551_25729_v_0,0
551_25729_hv_0,0
551_14232_o_0,0
551_14232_h_0,0
551_14232_v_0,0
551_14232_hv_0,0
551_5855_o_0,0
551_5855_h_0,0
551_5855_v_0,0
551_5855_hv_0,0
551_27054_o_0,0
551_27054_h_0,0
551_27054_v_0,0
551_27054_hv_0,0
551_20601_o_0,0
551_20601_h_0,0
551_20601_v_0,0
551_20601_hv_0,0
551_25217_o_0,0
551_25217_h_0,0
551_25217_v_0,0
551_25217_hv_0,0
551_26285_o_0,0
551_26285_h_0,0
551_26285_v_0,0
551_26285_hv_0,0
551_10899_o_0,0
551_10899_h_0,0
551_10899_v_0,0
551_10899_hv_0,0
551_28251_o_0,0
551_28251_h_0,0
551_28251_v_0,0
551_28251_hv_0,0
551_21327_o_0,0
551_21327_h_0,0
551_21327_v_0,0
551_21327_hv_0,0
551_27824_o_0,0
551_27824_h_0,0
551_27824_v_0,0
551_27824_hv_0,0
551_22353_o_0,0
551_22353_h_0,0
551_22353_v_0,0
551_22353_hv_0,0
551_20814_o_0,0
551_20814_h_0,0
551_20814_v_0,0
551_20814_hv_0,0
551_26798_o_0,0
551_26798_h_0,0
551_26798_v_0,0
551_26798_hv_0,0
551_12309_o_0,0
551_12309_h_0,0
551_12309_v_0,0
551_12309_hv_0,0
251_7757_o_1,1
251_7757_h_1,1
251_7757_v_1,1
251_7757_hv_1,1
251_7837_o_1,1
251_7837_h_1,1
251_7837_v_1,1
251_7837_hv_1,1
251_7697_o_1,1
251_7697_h_1,1
251_7697_v_1,1
251_7697_hv_1,1
251_7837_o_1,1
251_7837_h_1,1
251_7837_v_1,1
251_7837_hv_1,1
251_7787_o_1,1
251_7787_h_1,1
251_7787_v_1,1
251_7787_hv_1,1
251_7747_o_1,1
251_7747_h_1,1
251_7747_v_1,1
251_7747_hv_1,1
251_9929_o_1,1
251_9929_h_1,1
251_9929_v_1,1
251_9929_hv_1,1
251_9879_o_1,1
251_9879_h_1,1
251_9879_v_1,1
251_9879_hv_1,1
251_10019_o_1,1
251_10019_h_1,1
251_10019_v_1,1
251_10019_hv_1,1
251_9869_o_1,1
251_9869_h_1,1
251_9869_v_1,1
251_9869_hv_1,1
251_9999_o_1,1
251_9999_h_1,1
251_9999_v_1,1
251_9999_hv_1,1
251_9949_o_1,1
251_9949_h_1,1
251_9949_v_1,1
251_9949_hv_1,1
251_10135_o_1,1
251_10135_h_1,1
251_10135_v_1,1
251_10135_hv_1,1
251_10215_o_1,1
251_10215_h_1,1
251_10215_v_1,1
251_10215_hv_1,1
251_10055_o_1,1
251_10055_h_1,1
251_10055_v_1,1
251_10055_hv_1,1
251_10145_o_1,1
251_10145_h_1,1
251_10145_v_1,1
251_10145_hv_1,1
251_10115_o_1,1
251_10115_h_1,1
251_10115_v_1,1
251_10115_hv_1,1
251_10155_o_1,1
251_10155_h_1,1
251_10155_v_1,1
251_10155_hv_1,1
251_10503_o_1,1
251_10503_h_1,1
251_10503_v_1,1
251_10503_hv_1,1
251_10423_o_1,1
251_10423_h_1,1
251_10423_v_1,1
251_10423_hv_1,1
251_10593_o_1,1
251_10593_h_1,1
251_10593_v_1,1
251_10593_hv_1,1
251_10463_o_1,1
251_10463_h_1,1
251_10463_v_1,1
251_10463_hv_1,1
251_10553_o_1,1
251_10553_h_1,1
251_10553_v_1,1
251_10553_hv_1,1
251_10513_o_1,1
251_10513_h_1,1
251_10513_v_1,1
251_10513_hv_1,1
251_11348_o_1,1
251_11348_h_1,1
251_11348_v_1,1
251_11348_hv_1,1
251_11408_o_1,1
251_11408_h_1,1
251_11408_v_1,1
251_11408_hv_1,1
251_11348_o_1,1
251_11348_h_1,1
251_11348_v_1,1
251_11348_hv_1,1
251_11308_o_1,1
251_11308_h_1,1
251_11308_v_1,1
251_11308_hv_1,1
251_11418_o_1,1
251_11418_h_1,1
251_11418_v_1,1
251_11418_hv_1,1
251_11348_o_1,1
251_11348_h_1,1
251_11348_v_1,1
251_11348_hv_1,1
251_12332_o_1,1
251_12332_h_1,1
251_12332_v_1,1
251_12332_hv_1,1
251_12362_o_1,1
251_12362_h_1,1
251_12362_v_1,1
251_12362_hv_1,1
251_12392_o_1,1
251_12392_h_1,1
251_12392_v_1,1
251_12392_hv_1,1
251_12292_o_1,1
251_12292_h_1,1
251_12292_v_1,1
251_12292_hv_1,1
251_12252_o_1,1
251_12252_h_1,1
251_12252_v_1,1
251_12252_hv_1,1
251_12232_o_1,1
251_12232_h_1,1
251_12232_v_1,1
251_12232_hv_1,1
251_13075_o_1,1
251_13075_h_1,1
251_13075_v_1,1
251_13075_hv_1,1
251_13135_o_1,1
251_13135_h_1,1
251_13135_v_1,1
251_13135_hv_1,1
251_13055_o_1,1
251_13055_h_1,1
251_13055_v_1,1
251_13055_hv_1,1
251_13165_o_1,1
251_13165_h_1,1
251_13165_v_1,1
251_13165_hv_1,1
251_13135_o_1,1
251_13135_h_1,1
251_13135_v_1,1
251_13135_hv_1,1
251_13095_o_1,1
251_13095_h_1,1
251_13095_v_1,1
251_13095_hv_1,1
251_13397_o_1,1
251_13397_h_1,1
251_13397_v_1,1
251_13397_hv_1,1
251_13417_o_1,1
251_13417_h_1,1
251_13417_v_1,1
251_13417_hv_1,1
251_13377_o_1,1
251_13377_h_1,1
251_13377_v_1,1
251_13377_hv_1,1
251_13407_o_1,1
251_13407_h_1,1
251_13407_v_1,1
251_13407_hv_1,1
251_13427_o_1,1
251_13427_h_1,1
251_13427_v_1,1
251_13427_hv_1,1
251_13397_o_1,1
251_13397_h_1,1
251_13397_v_1,1
251_13397_hv_1,1
251_17326_o_1,1
251_17326_h_1,1
251_17326_v_1,1
251_17326_hv_1,1
251_17226_o_1,1
251_17226_h_1,1
251_17226_v_1,1
251_17226_hv_1,1
251_17286_o_1,1
251_17286_h_1,1
251_17286_v_1,1
251_17286_hv_1,1
251_17326_o_1,1
251_17326_h_1,1
251_17326_v_1,1
251_17326_hv_1,1
251_17316_o_1,1
251_17316_h_1,1
251_17316_v_1,1
251_17316_hv_1,1
251_17346_o_1,1
251_17346_h_1,1
251_17346_v_1,1
251_17346_hv_1,1
251_21350_o_0,0
251_21350_h_0,0
251_21350_v_0,0
251_21350_hv_0,0
251_5106_o_0,0
251_5106_h_0,0
251_5106_v_0,0
251_5106_hv_0,0
251_5178_o_0,0
251_5178_h_0,0
251_5178_v_0,0
251_5178_hv_0,0
251_5974_o_0,0
251_5974_h_0,0
251_5974_v_0,0
251_5974_hv_0,0
251_27268_o_0,0
251_27268_h_0,0
251_27268_v_0,0
251_27268_hv_0,0
251_24736_o_0,0
251_24736_h_0,0
251_24736_v_0,0
251_24736_hv_0,0
251_19971_o_0,0
251_19971_h_0,0
251_19971_v_0,0
251_19971_hv_0,0
251_27865_o_0,0
251_27865_h_0,0
251_27865_v_0,0
251_27865_hv_0,0
251_22517_o_0,0
251_22517_h_0,0
251_22517_v_0,0
251_22517_hv_0,0
251_4552_o_0,0
251_4552_h_0,0
251_4552_v_0,0
251_4552_hv_0,0
251_4153_o_0,0
251_4153_h_0,0
251_4153_v_0,0
251_4153_hv_0,0
251_28818_o_0,0
251_28818_h_0,0
251_28818_v_0,0
251_28818_hv_0,0
251_27666_o_0,0
251_27666_h_0,0
251_27666_v_0,0
251_27666_hv_0,0
251_2461_o_0,0
251_2461_h_0,0
251_2461_v_0,0
251_2461_hv_0,0
251_4964_o_0,0
251_4964_h_0,0
251_4964_v_0,0
251_4964_hv_0,0
251_19686_o_0,0
251_19686_h_0,0
251_19686_v_0,0
251_19686_hv_0,0
251_24409_o_0,0
251_24409_h_0,0
251_24409_v_0,0
251_24409_hv_0,0
251_2788_o_0,0
251_2788_h_0,0
251_2788_v_0,0
251_2788_hv_0,0
251_26286_o_0,0
251_26286_h_0,0
251_26286_v_0,0
251_26286_hv_0,0
251_22147_o_0,0
251_22147_h_0,0
251_22147_v_0,0
251_22147_hv_0,0
251_22104_o_0,0
251_22104_h_0,0
251_22104_v_0,0
251_22104_hv_0,0
251_25262_o_0,0
251_25262_h_0,0
251_25262_v_0,0
251_25262_hv_0,0
251_5035_o_0,0
251_5035_h_0,0
251_5035_v_0,0
251_5035_hv_0,0
251_25860_o_0,0
251_25860_h_0,0
251_25860_v_0,0
251_25860_hv_0,0
251_3158_o_0,0
251_3158_h_0,0
251_3158_v_0,0
251_3158_hv_0,0
251_4466_o_0,0
251_4466_h_0,0
251_4466_v_0,0
251_4466_hv_0,0
251_25931_o_0,0
251_25931_h_0,0
251_25931_v_0,0
251_25931_hv_0,0
251_29017_o_0,0
251_29017_h_0,0
251_29017_v_0,0
251_29017_hv_0,0
251_21919_o_0,0
251_21919_h_0,0
251_21919_v_0,0
251_21919_hv_0,0
251_4751_o_0,0
251_4751_h_0,0
251_4751_v_0,0
251_4751_hv_0,0
251_3115_o_0,0
251_3115_h_0,0
251_3115_v_0,0
251_3115_hv_0,0
251_3186_o_0,0
251_3186_h_0,0
251_3186_v_0,0
251_3186_hv_0,0
251_2503_o_0,0
251_2503_h_0,0
251_2503_v_0,0
251_2503_hv_0,0
251_1977_o_0,0
251_1977_h_0,0
251_1977_v_0,0
251_1977_hv_0,0
251_24779_o_0,0
251_24779_h_0,0
251_24779_v_0,0
251_24779_hv_0,0
251_4125_o_0,0
251_4125_h_0,0
251_4125_v_0,0
251_4125_hv_0,0
251_28335_o_0,0
251_28335_h_0,0
251_28335_v_0,0
251_28335_hv_0,0
251_24039_o_0,0
251_24039_h_0,0
251_24039_v_0,0
251_24039_hv_0,0
251_5747_o_0,0
251_5747_h_0,0
251_5747_v_0,0
251_5747_hv_0,0
251_3030_o_0,0
251_3030_h_0,0
251_3030_v_0,0
251_3030_hv_0,0
251_28064_o_0,0
251_28064_h_0,0
251_28064_v_0,0
251_28064_hv_0,0
251_27552_o_0,0
251_27552_h_0,0
251_27552_v_0,0
251_27552_hv_0,0
251_23669_o_0,0
251_23669_h_0,0
251_23669_v_0,0
251_23669_hv_0,0
251_15575_o_0,0
251_15575_h_0,0
251_15575_v_0,0
251_15575_hv_0,0
251_26656_o_0,0
251_26656_h_0,0
251_26656_v_0,0
251_26656_hv_0,0
251_23840_o_0,0
251_23840_h_0,0
251_23840_v_0,0
251_23840_hv_0,0
251_15419_o_0,0
251_15419_h_0,0
251_15419_v_0,0
251_15419_hv_0,0
251_2276_o_0,0
251_2276_h_0,0
251_2276_v_0,0
251_2276_hv_0,0
251_20397_o_0,0
251_20397_h_0,0
251_20397_v_0,0
251_20397_hv_0,0
251_4737_o_0,0
251_4737_h_0,0
251_4737_v_0,0
251_4737_hv_0,0
251_26101_o_0,0
251_26101_h_0,0
251_26101_v_0,0
251_26101_hv_0,0
251_3371_o_0,0
251_3371_h_0,0
251_3371_v_0,0
251_3371_hv_0,0
251_20255_o_0,0
251_20255_h_0,0
251_20255_v_0,0
251_20255_hv_0,0
251_19644_o_0,0
251_19644_h_0,0
251_19644_v_0,0
251_19644_hv_0,0
500_5709_o_1,1
500_5709_h_1,1
500_5709_v_1,1
500_5709_hv_1,1
500_5619_o_1,1
500_5619_h_1,1
500_5619_v_1,1
500_5619_hv_1,1
500_5709_o_1,1
500_5709_h_1,1
500_5709_v_1,1
500_5709_hv_1,1
500_5799_o_1,1
500_5799_h_1,1
500_5799_v_1,1
500_5799_hv_1,1
500_5749_o_1,1
500_5749_h_1,1
500_5749_v_1,1
500_5749_hv_1,1
500_5799_o_1,1
500_5799_h_1,1
500_5799_v_1,1
500_5799_hv_1,1
500_20487_o_0,0
500_20487_h_0,0
500_20487_v_0,0
500_20487_hv_0,0
500_18039_o_0,0
500_18039_h_0,0
500_18039_v_0,0
500_18039_hv_0,0
500_2706_o_0,0
500_2706_h_0,0
500_2706_v_0,0
500_2706_hv_0,0
500_27316_o_0,0
500_27316_h_0,0
500_27316_v_0,0
500_27316_hv_0,0
500_24868_o_0,0
500_24868_h_0,0
500_24868_v_0,0
500_24868_hv_0,0
500_9019_o_0,0
500_9019_h_0,0
500_9019_v_0,0
500_9019_hv_0,0
410_2100_o_1,1
410_2100_h_1,1
410_2100_v_1,1
410_2100_hv_1,1
410_2150_o_1,1
410_2150_h_1,1
410_2150_v_1,1
410_2150_hv_1,1
410_2110_o_1,1
410_2110_h_1,1
410_2110_v_1,1
410_2110_hv_1,1
410_2030_o_1,1
410_2030_h_1,1
410_2030_v_1,1
410_2030_hv_1,1
410_2060_o_1,1
410_2060_h_1,1
410_2060_v_1,1
410_2060_hv_1,1
410_2120_o_1,1
410_2120_h_1,1
410_2120_v_1,1
410_2120_hv_1,1
410_4766_o_1,1
410_4766_h_1,1
410_4766_v_1,1
410_4766_hv_1,1
410_4776_o_1,1
410_4776_h_1,1
410_4776_v_1,1
410_4776_hv_1,1
410_4696_o_1,1
410_4696_h_1,1
410_4696_v_1,1
410_4696_hv_1,1
410_4706_o_1,1
410_4706_h_1,1
410_4706_v_1,1
410_4706_hv_1,1
410_4846_o_1,1
410_4846_h_1,1
410_4846_v_1,1
410_4846_hv_1,1
410_4756_o_1,1
410_4756_h_1,1
410_4756_v_1,1
410_4756_hv_1,1
410_13545_o_0,0
410_13545_h_0,0
410_13545_v_0,0
410_13545_hv_0,0
410_18103_o_0,0
410_18103_h_0,0
410_18103_v_0,0
410_18103_hv_0,0
410_22148_o_0,0
410_22148_h_0,0
410_22148_v_0,0
410_22148_hv_0,0
410_19451_o_0,0
410_19451_h_0,0
410_19451_v_0,0
410_19451_hv_0,0
410_23303_o_0,0
410_23303_h_0,0
410_23303_v_0,0
410_23303_hv_0,0
410_8025_o_0,0
410_8025_h_0,0
410_8025_v_0,0
410_8025_hv_0,0
410_17205_o_0,0
410_17205_h_0,0
410_17205_v_0,0
410_17205_hv_0,0
410_26641_o_0,0
410_26641_h_0,0
410_26641_v_0,0
410_26641_hv_0,0
410_24138_o_0,0
410_24138_h_0,0
410_24138_v_0,0
410_24138_hv_0,0
410_28439_o_0,0
410_28439_h_0,0
410_28439_v_0,0
410_28439_hv_0,0
410_7511_o_0,0
410_7511_h_0,0
410_7511_v_0,0
410_7511_hv_0,0
410_26513_o_0,0
410_26513_h_0,0
410_26513_v_0,0
410_26513_hv_0,0
227_27288_o_1,1
227_27288_h_1,1
227_27288_v_1,1
227_27288_hv_1,1
227_27328_o_1,1
227_27328_h_1,1
227_27328_v_1,1
227_27328_hv_1,1
227_27348_o_1,1
227_27348_h_1,1
227_27348_v_1,1
227_27348_hv_1,1
227_27338_o_1,1
227_27338_h_1,1
227_27338_v_1,1
227_27338_hv_1,1
227_27338_o_1,1
227_27338_h_1,1
227_27338_v_1,1
227_27338_hv_1,1
227_27368_o_1,1
227_27368_h_1,1
227_27368_v_1,1
227_27368_hv_1,1
227_11896_o_0,0
227_11896_h_0,0
227_11896_v_0,0
227_11896_hv_0,0
227_24569_o_0,0
227_24569_h_0,0
227_24569_v_0,0
227_24569_hv_0,0
227_4526_o_0,0
227_4526_h_0,0
227_4526_v_0,0
227_4526_hv_0,0
227_14095_o_0,0
227_14095_h_0,0
227_14095_v_0,0
227_14095_hv_0,0
227_20948_o_0,0
227_20948_h_0,0
227_20948_v_0,0
227_20948_hv_0,0
227_22241_o_0,0
227_22241_h_0,0
227_22241_v_0,0
227_22241_hv_0,0
335_4778_o_1,1
335_4778_h_1,1
335_4778_v_1,1
335_4778_hv_1,1
335_4828_o_1,1
335_4828_h_1,1
335_4828_v_1,1
335_4828_hv_1,1
335_4868_o_1,1
335_4868_h_1,1
335_4868_v_1,1
335_4868_hv_1,1
335_4758_o_1,1
335_4758_h_1,1
335_4758_v_1,1
335_4758_hv_1,1
335_4868_o_1,1
335_4868_h_1,1
335_4868_v_1,1
335_4868_hv_1,1
335_4748_o_1,1
335_4748_h_1,1
335_4748_v_1,1
335_4748_hv_1,1
335_19624_o_1,1
335_19624_h_1,1
335_19624_v_1,1
335_19624_hv_1,1
335_19714_o_1,1
335_19714_h_1,1
335_19714_v_1,1
335_19714_hv_1,1
335_19704_o_1,1
335_19704_h_1,1
335_19704_v_1,1
335_19704_hv_1,1
335_19614_o_1,1
335_19614_h_1,1
335_19614_v_1,1
335_19614_hv_1,1
335_19634_o_1,1
335_19634_h_1,1
335_19634_v_1,1
335_19634_hv_1,1
335_19564_o_1,1
335_19564_h_1,1
335_19564_v_1,1
335_19564_hv_1,1
335_19832_o_1,1
335_19832_h_1,1
335_19832_v_1,1
335_19832_hv_1,1
335_19862_o_1,1
335_19862_h_1,1
335_19862_v_1,1
335_19862_hv_1,1
335_19902_o_1,1
335_19902_h_1,1
335_19902_v_1,1
335_19902_hv_1,1
335_19852_o_1,1
335_19852_h_1,1
335_19852_v_1,1
335_19852_hv_1,1
335_19882_o_1,1
335_19882_h_1,1
335_19882_v_1,1
335_19882_hv_1,1
335_19772_o_1,1
335_19772_h_1,1
335_19772_v_1,1
335_19772_hv_1,1
335_19886_o_1,1
335_19886_h_1,1
335_19886_v_1,1
335_19886_hv_1,1
335_19786_o_1,1
335_19786_h_1,1
335_19786_v_1,1
335_19786_hv_1,1
335_19786_o_1,1
335_19786_h_1,1
335_19786_v_1,1
335_19786_hv_1,1
335_19936_o_1,1
335_19936_h_1,1
335_19936_v_1,1
335_19936_hv_1,1
335_19966_o_1,1
335_19966_h_1,1
335_19966_v_1,1
335_19966_hv_1,1
335_19906_o_1,1
335_19906_h_1,1
335_19906_v_1,1
335_19906_hv_1,1
335_22396_o_0,0
335_22396_h_0,0
335_22396_v_0,0
335_22396_hv_0,0
335_24151_o_0,0
335_24151_h_0,0
335_24151_v_0,0
335_24151_hv_0,0
335_3095_o_0,0
335_3095_h_0,0
335_3095_v_0,0
335_3095_hv_0,0
335_16972_o_0,0
335_16972_h_0,0
335_16972_v_0,0
335_16972_hv_0,0
335_14324_o_0,0
335_14324_h_0,0
335_14324_v_0,0
335_14324_hv_0,0
335_8997_o_0,0
335_8997_h_0,0
335_8997_v_0,0
335_8997_hv_0,0
335_27054_o_0,0
335_27054_h_0,0
335_27054_v_0,0
335_27054_hv_0,0
335_12123_o_0,0
335_12123_h_0,0
335_12123_v_0,0
335_12123_hv_0,0
335_14452_o_0,0
335_14452_h_0,0
335_14452_v_0,0
335_14452_hv_0,0
335_12219_o_0,0
335_12219_h_0,0
335_12219_v_0,0
335_12219_hv_0,0
335_28904_o_0,0
335_28904_h_0,0
335_28904_v_0,0
335_28904_hv_0,0
335_2457_o_0,0
335_2457_h_0,0
335_2457_v_0,0
335_2457_hv_0,0
335_12155_o_0,0
335_12155_h_0,0
335_12155_v_0,0
335_12155_hv_0,0
335_26129_o_0,0
335_26129_h_0,0
335_26129_v_0,0
335_26129_hv_0,0
335_11007_o_0,0
335_11007_h_0,0
335_11007_v_0,0
335_11007_hv_0,0
335_26862_o_0,0
335_26862_h_0,0
335_26862_v_0,0
335_26862_hv_0,0
335_26735_o_0,0
335_26735_h_0,0
335_26735_v_0,0
335_26735_hv_0,0
335_16621_o_0,0
335_16621_h_0,0
335_16621_v_0,0
335_16621_hv_0,0
335_24789_o_0,0
335_24789_h_0,0
335_24789_v_0,0
335_24789_hv_0,0
335_17802_o_0,0
335_17802_h_0,0
335_17802_v_0,0
335_17802_hv_0,0
335_14803_o_0,0
335_14803_h_0,0
335_14803_v_0,0
335_14803_hv_0,0
335_26480_o_0,0
335_26480_h_0,0
335_26480_v_0,0
335_26480_hv_0,0
335_7625_o_0,0
335_7625_h_0,0
335_7625_v_0,0
335_7625_hv_0,0
335_8805_o_0,0
335_8805_h_0,0
335_8805_v_0,0
335_8805_hv_0,0
